use hospital;

insert into hospital.appointment value(2,208252685,111111111,'2019-03-23 17:48:00');
insert into hospital.appointment value(3,208252686,222222222,'2019-03-23 17:58:00');
insert into hospital.appointment value(4,208252681,111111111,'2019-03-23 17:28:00');
insert into hospital.appointment value(1,208252684,111111111,'2019-03-23 17:38:00');


insert into patients value(208252685,'lala');
insert into patients value(208252686,'amir');
insert into patients value(208252681,'ari');
insert into patients value(208252684,'nati'); 

insert into doctors value(111111111,'Surgeon','Yuval',20000);
insert into doctors value(222222222,'Pediatrician','Yael',20000);
insert into doctors value(333333333,'dermatologist','Keren',25000); 


insert into hospital.appointment value(6,208252671,333333333,'2019-03-23 17:59:00');
insert into hospital.appointment value(7,208252672,333333333,'2019-03-23 17:48:00');
insert into hospital.appointment value(8,208252673,111111111,'2019-03-23 18:00:00');
insert into hospital.appointment value(9,208252674,111111111,'2019-03-23 18:10:00');
insert into hospital.appointment value(10,208252675,111111111,'2019-03-23 18:20:00');
insert into hospital.appointment value(11,208252676,111111111,'2019-03-23 18:40:00');
insert into hospital.appointment value(12,208252677,111111111,'2019-03-23 18:50:00'); 

insert into patients value(208252671,'lala');
insert into patients value(208252672,'amir');
insert into patients value(208252673,'ari');
insert into patients value(208252674,'nati');
insert into patients value(208252675,'lala');
insert into patients value(208252676,'amir');
insert into patients value(208252677,'ari');
